{
    "loss": 0.30466407537460327,
    "accuracy": 0.8708654046058655
}