{
    "loss": 0.327524870634079,
    "accuracy": 0.8581784963607788
}